{
  "objects": [
    {
      "attributes": {
        "fieldFormatMap": "{\"@timestamp\":{\"id\":\"date\"}}",
        "fields": "[{\"aggregatable\":true,\"analyzed\":false,\"count\":0,\"doc_values\":true,\"indexed\":true,\"name\":\"beat.name\",\"scripted\":false,\"searchable\":true,\"type\":\"string\"},{\"aggregatable\":true,\"analyzed\":false,\"count\":0,\"doc_values\":true,\"indexed\":true,\"name\":\"beat.hostname\",\"scripted\":false,\"searchable\":true,\"type\":\"string\"},{\"aggregatable\":true,\"analyzed\":false,\"count\":0,\"doc_values\":true,\"indexed\":true,\"name\":\"beat.timezone\",\"scripted\":false,\"searchable\":true,\"type\":\"string\"},{\"aggregatable\":true,\"analyzed\":false,\"count\":0,\"doc_values\":true,\"indexed\":true,\"name\":\"beat.version\",\"scripted\":false,\"searchable\":true,\"type\":\"string\"},{\"aggregatable\":true,\"analyzed\":false,\"count\":0,\"doc_values\":true,\"indexed\":true,\"name\":\"@timestamp\",\"scripted\":false,\"searchable\":true,\"type\":\"date\"},{\"aggregatable\":true,\"analyzed\":false,\"count\":0,\"doc_values\":true,\"indexed\":true,\"name\":\"tags\",\"scripted\":false,\"searchable\":true,\"type\":\"string\"},{\"aggregatable\":true,\"analyzed\":false,\"count\":0,\"doc_values\":true,\"indexed\":true,\"name\":\"fields\",\"scripted\":false,\"searchable\":true},{\"aggregatable\":false,\"analyzed\":false,\"count\":0,\"doc_values\":true,\"indexed\":true,\"name\":\"error.message\",\"scripted\":false,\"searchable\":true,\"type\":\"string\"},{\"aggregatable\":true,\"analyzed\":false,\"count\":0,\"doc_values\":true,\"indexed\":true,\"name\":\"error.code\",\"scripted\":false,\"searchable\":true,\"type\":\"number\"},{\"aggregatable\":true,\"analyzed\":false,\"count\":0,\"doc_values\":true,\"indexed\":true,\"name\":\"error.type\",\"scripted\":false,\"searchable\":true,\"type\":\"string\"},{\"aggregatable\":true,\"analyzed\":false,\"count\":0,\"doc_values\":true,\"indexed\":true,\"name\":\"meta.cloud.provider\",\"scripted\":false,\"searchable\":true,\"type\":\"string\"},{\"aggregatable\":true,\"analyzed\":false,\"count\":0,\"doc_values\":true,\"indexed\":true,\"name\":\"meta.cloud.instance_id\",\"scripted\":false,\"searchable\":true,\"type\":\"string\"},{\"aggregatable\":true,\"analyzed\":false,\"count\":0,\"doc_values\":true,\"indexed\":true,\"name\":\"meta.cloud.instance_name\",\"scripted\":false,\"searchable\":true,\"type\":\"string\"},{\"aggregatable\":true,\"analyzed\":false,\"count\":0,\"doc_values\":true,\"indexed\":true,\"name\":\"meta.cloud.machine_type\",\"scripted\":false,\"searchable\":true,\"type\":\"string\"},{\"aggregatable\":true,\"analyzed\":false,\"count\":0,\"doc_values\":true,\"indexed\":true,\"name\":\"meta.cloud.availability_zone\",\"scripted\":false,\"searchable\":true,\"type\":\"string\"},{\"aggregatable\":true,\"analyzed\":false,\"count\":0,\"doc_values\":true,\"indexed\":true,\"name\":\"meta.cloud.project_id\",\"scripted\":false,\"searchable\":true,\"type\":\"string\"},{\"aggregatable\":true,\"analyzed\":false,\"count\":0,\"doc_values\":true,\"indexed\":true,\"name\":\"meta.cloud.region\",\"scripted\":false,\"searchable\":true,\"type\":\"string\"},{\"aggregatable\":true,\"analyzed\":false,\"count\":0,\"doc_values\":true,\"indexed\":true,\"name\":\"docker.container.id\",\"scripted\":false,\"searchable\":true,\"type\":\"string\"},{\"aggregatable\":true,\"analyzed\":false,\"count\":0,\"doc_values\":true,\"indexed\":true,\"name\":\"docker.container.image\",\"scripted\":false,\"searchable\":true,\"type\":\"string\"},{\"aggregatable\":true,\"analyzed\":false,\"count\":0,\"doc_values\":true,\"indexed\":true,\"name\":\"docker.container.name\",\"scripted\":false,\"searchable\":true,\"type\":\"string\"},{\"aggregatable\":true,\"analyzed\":false,\"count\":0,\"doc_values\":true,\"indexed\":true,\"name\":\"docker.container.labels\",\"scripted\":false,\"searchable\":true},{\"aggregatable\":true,\"analyzed\":false,\"count\":0,\"doc_values\":true,\"indexed\":true,\"name\":\"host.name\",\"scripted\":false,\"searchable\":true,\"type\":\"string\"},{\"aggregatable\":true,\"analyzed\":false,\"count\":0,\"doc_values\":true,\"indexed\":true,\"name\":\"host.id\",\"scripted\":false,\"searchable\":true,\"type\":\"string\"},{\"aggregatable\":true,\"analyzed\":false,\"count\":0,\"doc_values\":true,\"indexed\":true,\"name\":\"host.architecture\",\"scripted\":false,\"searchable\":true,\"type\":\"string\"},{\"aggregatable\":true,\"analyzed\":false,\"count\":0,\"doc_values\":true,\"indexed\":true,\"name\":\"host.os.platform\",\"scripted\":false,\"searchable\":true,\"type\":\"string\"},{\"aggregatable\":true,\"analyzed\":false,\"count\":0,\"doc_values\":true,\"indexed\":true,\"name\":\"host.os.version\",\"scripted\":false,\"searchable\":true,\"type\":\"string\"},{\"aggregatable\":true,\"analyzed\":false,\"count\":0,\"doc_values\":true,\"indexed\":true,\"name\":\"host.os.family\",\"scripted\":false,\"searchable\":true,\"type\":\"string\"},{\"aggregatable\":true,\"analyzed\":false,\"count\":0,\"doc_values\":true,\"indexed\":true,\"name\":\"kubernetes.pod.name\",\"scripted\":false,\"searchable\":true,\"type\":\"string\"},{\"aggregatable\":true,\"analyzed\":false,\"count\":0,\"doc_values\":true,\"indexed\":true,\"name\":\"kubernetes.namespace\",\"scripted\":false,\"searchable\":true,\"type\":\"string\"},{\"aggregatable\":true,\"analyzed\":false,\"count\":0,\"doc_values\":true,\"indexed\":true,\"name\":\"kubernetes.node.name\",\"scripted\":false,\"searchable\":true,\"type\":\"string\"},{\"aggregatable\":true,\"analyzed\":false,\"count\":0,\"doc_values\":true,\"indexed\":true,\"name\":\"kubernetes.labels\",\"scripted\":false,\"searchable\":true},{\"aggregatable\":true,\"analyzed\":false,\"count\":0,\"doc_values\":true,\"indexed\":true,\"name\":\"kubernetes.annotations\",\"scripted\":false,\"searchable\":true},{\"aggregatable\":true,\"analyzed\":false,\"count\":0,\"doc_values\":true,\"indexed\":true,\"name\":\"kubernetes.container.name\",\"scripted\":false,\"searchable\":true,\"type\":\"string\"},{\"aggregatable\":true,\"analyzed\":false,\"count\":0,\"doc_values\":true,\"indexed\":true,\"name\":\"kubernetes.container.image\",\"scripted\":false,\"searchable\":true,\"type\":\"string\"},{\"aggregatable\":true,\"analyzed\":false,\"count\":0,\"doc_values\":true,\"indexed\":true,\"name\":\"type\",\"scripted\":false,\"searchable\":true,\"type\":\"string\"},{\"aggregatable\":true,\"analyzed\":false,\"count\":0,\"doc_values\":true,\"indexed\":true,\"name\":\"activity_id\",\"scripted\":false,\"searchable\":true,\"type\":\"string\"},{\"aggregatable\":true,\"analyzed\":false,\"count\":0,\"doc_values\":true,\"indexed\":true,\"name\":\"computer_name\",\"scripted\":false,\"searchable\":true,\"type\":\"string\"},{\"aggregatable\":true,\"analyzed\":false,\"count\":0,\"doc_values\":true,\"indexed\":true,\"name\":\"event_data\",\"scripted\":false,\"searchable\":true},{\"aggregatable\":true,\"analyzed\":false,\"count\":0,\"doc_values\":true,\"indexed\":true,\"name\":\"event_id\",\"scripted\":false,\"searchable\":true,\"type\":\"number\"},{\"aggregatable\":true,\"analyzed\":false,\"count\":0,\"doc_values\":true,\"indexed\":true,\"name\":\"keywords\",\"scripted\":false,\"searchable\":true,\"type\":\"string\"},{\"aggregatable\":true,\"analyzed\":false,\"count\":0,\"doc_values\":true,\"indexed\":true,\"name\":\"log_name\",\"scripted\":false,\"searchable\":true,\"type\":\"string\"},{\"aggregatable\":true,\"analyzed\":false,\"count\":0,\"doc_values\":true,\"indexed\":true,\"name\":\"level\",\"scripted\":false,\"searchable\":true,\"type\":\"string\"},{\"aggregatable\":false,\"analyzed\":false,\"count\":0,\"doc_values\":true,\"indexed\":true,\"name\":\"message\",\"scripted\":false,\"searchable\":true,\"type\":\"string\"},{\"aggregatable\":true,\"analyzed\":false,\"count\":0,\"doc_values\":true,\"indexed\":true,\"name\":\"message_error\",\"scripted\":false,\"searchable\":true,\"type\":\"string\"},{\"aggregatable\":true,\"analyzed\":false,\"count\":0,\"doc_values\":true,\"indexed\":true,\"name\":\"record_number\",\"scripted\":false,\"searchable\":true,\"type\":\"string\"},{\"aggregatable\":true,\"analyzed\":false,\"count\":0,\"doc_values\":true,\"indexed\":true,\"name\":\"related_activity_id\",\"scripted\":false,\"searchable\":true,\"type\":\"string\"},{\"aggregatable\":true,\"analyzed\":false,\"count\":0,\"doc_values\":true,\"indexed\":true,\"name\":\"opcode\",\"scripted\":false,\"searchable\":true,\"type\":\"string\"},{\"aggregatable\":true,\"analyzed\":false,\"count\":0,\"doc_values\":true,\"indexed\":true,\"name\":\"provider_guid\",\"scripted\":false,\"searchable\":true,\"type\":\"string\"},{\"aggregatable\":true,\"analyzed\":false,\"count\":0,\"doc_values\":true,\"indexed\":true,\"name\":\"process_id\",\"scripted\":false,\"searchable\":true,\"type\":\"number\"},{\"aggregatable\":true,\"analyzed\":false,\"count\":0,\"doc_values\":true,\"indexed\":true,\"name\":\"source_name\",\"scripted\":false,\"searchable\":true,\"type\":\"string\"},{\"aggregatable\":true,\"analyzed\":false,\"count\":0,\"doc_values\":true,\"indexed\":true,\"name\":\"task\",\"scripted\":false,\"searchable\":true,\"type\":\"string\"},{\"aggregatable\":true,\"analyzed\":false,\"count\":0,\"doc_values\":true,\"indexed\":true,\"name\":\"thread_id\",\"scripted\":false,\"searchable\":true,\"type\":\"number\"},{\"aggregatable\":true,\"analyzed\":false,\"count\":0,\"doc_values\":true,\"indexed\":true,\"name\":\"user_data\",\"scripted\":false,\"searchable\":true},{\"aggregatable\":true,\"analyzed\":false,\"count\":0,\"doc_values\":true,\"indexed\":true,\"name\":\"user.identifier\",\"scripted\":false,\"searchable\":true,\"type\":\"string\"},{\"aggregatable\":true,\"analyzed\":false,\"count\":0,\"doc_values\":true,\"indexed\":true,\"name\":\"user.name\",\"scripted\":false,\"searchable\":true,\"type\":\"string\"},{\"aggregatable\":true,\"analyzed\":false,\"count\":0,\"doc_values\":true,\"indexed\":true,\"name\":\"user.domain\",\"scripted\":false,\"searchable\":true,\"type\":\"string\"},{\"aggregatable\":true,\"analyzed\":false,\"count\":0,\"doc_values\":true,\"indexed\":true,\"name\":\"user.type\",\"scripted\":false,\"searchable\":true,\"type\":\"string\"},{\"aggregatable\":true,\"analyzed\":false,\"count\":0,\"doc_values\":true,\"indexed\":true,\"name\":\"version\",\"scripted\":false,\"searchable\":true,\"type\":\"number\"},{\"aggregatable\":false,\"analyzed\":false,\"count\":0,\"doc_values\":true,\"indexed\":true,\"name\":\"xml\",\"scripted\":false,\"searchable\":true,\"type\":\"string\"},{\"aggregatable\":false,\"analyzed\":false,\"count\":0,\"doc_values\":false,\"indexed\":false,\"name\":\"_id\",\"scripted\":false,\"searchable\":false,\"type\":\"string\"},{\"aggregatable\":true,\"analyzed\":false,\"count\":0,\"doc_values\":false,\"indexed\":false,\"name\":\"_type\",\"scripted\":false,\"searchable\":true,\"type\":\"string\"},{\"aggregatable\":false,\"analyzed\":false,\"count\":0,\"doc_values\":false,\"indexed\":false,\"name\":\"_index\",\"scripted\":false,\"searchable\":false,\"type\":\"string\"},{\"aggregatable\":false,\"analyzed\":false,\"count\":0,\"doc_values\":false,\"indexed\":false,\"name\":\"_score\",\"scripted\":false,\"searchable\":false,\"type\":\"number\"}]",
        "timeFieldName": "@timestamp",
        "title": "winlogbeat-*"
      },
      "id": "winlogbeat-*",
      "type": "index-pattern",
      "version": 1
    }
  ],
  "version": "6.3.0"
}